{
  "title": "Dimensions & Topologies",
  "parentTitle": "Foundations of Abstraction",
  "aliases": ["Dimension Theory", "Topology", "Topological Structures"],
  "links": [
    {
      "title": "Stanford Encyclopedia of Philosophy – Topology",
      "url": "https://plato.stanford.edu/entries/topology/"
    },
    {
      "title": "Encyclopedia of Mathematics – Topology",
      "url": "https://encyclopediaofmath.org/wiki/Topology"
    },
    {
      "title": "Britannica – Topology (Mathematics)",
      "url": "https://www.britannica.com/science/topology-mathematics"
    },
    {
      "title": "nLab – Topology",
      "url": "https://ncatlab.org/nlab/show/topology"
    },
    {
      "title": "Springer – Topology (Munkres)",
      "url": "https://www.springer.com/gp/book/9780387951056"
    },
    {
      "title": "MIT OpenCourseWare – Introduction to Topology",
      "url": "https://ocw.mit.edu/courses/18-901-introduction-to-topology-fall-2004/"
    }
  ],
  "tags": [],
  "details": [],
  "content": "Dimensions & Topologies are abstract frameworks that formalize notions of size, continuity, and nearness without reference to physical embedding. A **topology** defines which subsets of a set are “open,” capturing the essence of continuity and boundary, while **dimension theory** assigns numerical measures of complexity—such as covering, inductive, and fractal dimensions—that quantify how spaces can be covered or scaled. These ideal constructs underpin vast areas of mathematics and theoretical inquiry.",
  "sections": [
    {
      "title": "Foundations of Topology",
      "content": "A **topological space** is a pair \\((X, \\tau)\\), where \\(X\\) is a set and \\(\\tau\\) a collection of subsets (the open sets) satisfying:\n\n- \\(∅, X \\in \\tau\\).\n- Arbitrary unions of elements of \\(\\tau\\) lie in \\(\\tau\\).\n- Finite intersections of elements of \\(\\tau\\) lie in \\(\\tau\\).\n\nFrom this arise continuous maps (preimages of opens are open), homeomorphisms (structure‑preserving bijections), bases (generating opens via unions), and key invariants like compactness, connectedness, and separation axioms."
    },
    {
      "title": "Core Concepts in Dimension Theory",
      "content": "**Dimension theory** offers several approaches to measuring complexity:\n\n- **Lebesgue covering dimension**: The smallest \\(n\\) such that every open cover has a refinement where no point lies in more than \\(n+1\\) sets.\n- **Small/Large inductive dimensions**: Defined via separation properties of boundaries.\n- **Hausdorff (fractal) dimension**: Uses scaling of covers by sets of small diameter to capture non‑integer dimensions in fractals.\n\nThese notions agree on well‑behaved spaces (manifolds, Euclidean space) but diverge in exotic or fractal examples."
    },
    {
      "title": "Historical Evolution",
      "content": "From Euclid’s intuitive dimensions to Euler’s polyhedral invariant \\(V - E + F = 2\\), topology and dimension theory matured through:\n\n- **Bernhard Riemann**: Riemann surfaces introduced local topologies in analysis.\n- **Henri Poincaré**: Founded algebraic topology in *Analysis Situs* (1895).\n- **Felix Hausdorff**: Axiomatized metric and topological spaces (1914), defined Hausdorff dimension.\n- **Brouwer & Urysohn**: Developed inductive and covering dimensions (1910s–1920s).\n- **Kuratowski & Alexandroff**: Formalized abstract topology (1920s)."
    },
    {
      "title": "Key Examples and Constructions",
      "content": "Illustrative instances include:\n\n- **Euclidean spaces \\(\\mathbb{R}^n\\)**: All dimension notions coincide at \\(n\\).\n- **Cantor set**: Zero inductive dimension, fractal dimension \\(\\log(2)/\\log(3)\\).\n- **Sierpiński gasket & Menger sponge**: Non‑integer Hausdorff dimensions.\n- **Topological manifolds**: Locally Euclidean, finite covering dimension.\n- **Infinite‑dimensional spaces**: Function spaces (e.g., \\(C([0,1])\\)) with infinite topological dimension."
    },
    {
      "title": "Applications Across Mathematics and Science",
      "content": "Topology and dimension theory impact:\n\n- **Algebraic topology**: Homology, cohomology, and duality theorems rely on topological invariants.\n- **Differential geometry**: Manifold theory and index theorems use topological underpinnings.\n- **Fractal geometry & dynamics**: Hausdorff dimension quantifies complexity in natural phenomena and iterated systems.\n- **Topological data analysis**: Persistent homology extracts shape features from high‑dimensional data.\n- **Computer science**: Domain theory uses Scott topologies; concurrency models employ topological methods."
    },
    {
      "title": "Philosophical and Ontological Reflections",
      "content": "As pure abstractions, dimensions and topologies raise foundational questions:\n\n- **Nature of Space**: Are topological properties intrinsic or model‑dependent?\n- **Continuum vs. Discrete**: How do notions of continuity translate to digital approximations?\n- **Dimension Paradox**: Fractals blur integer‑dimension intuition.\n- **Infinite Dimensions**: Hilbert spaces and functional analytic settings challenge physical analogies.\n\nThese inquiries connect mathematical formalism to metaphysical debates on abstraction and existence."
    }
  ]
}
