{
    "title": "Mental",
    "aliases": [
        "Mind",
        "Mental Phenomena"
    ],
    "links": [
        {
            "title": "Stanford Encyclopedia of Philosophy — Philosophy of Mind",
            "url": "https://plato.stanford.edu/entries/mind/"
        },
        {
            "title": "Internet Encyclopedia of Philosophy — Consciousness",
            "url": "https://iep.utm.edu/consciousness/"
        },
        {
            "title": "Thomas Metzinger — The Ego Tunnel: The Science of the Mind and the Myth of the Self",
            "url": "https://mitpress.mit.edu/9780262527809/the-ego-tunnel/"
        },
        {
            "title": "Antonio Damasio — Descartes’ Error: Emotion, Reason, and the Human Brain",
            "url": "https://www.penguinrandomhouse.com/books/91581/descartes-error-by-antonio-damasio/"
        }
    ],
    "tags": [],
    "details": [],
    "content": "The mental encompasses the spectrum of processes, states, and phenomena traditionally associated with the mind. It refers to activities such as thinking, perceiving, imagining, feeling, and intending—phenomena that are inherently subjective and often accessible only through first-person experience. While the mental is inextricably linked to the physical substrate of the brain, it represents a level of description that focuses on information processing, representational content, and qualitative experience.\n\nUnderstanding the mental requires an interdisciplinary approach that spans philosophy, psychology, neuroscience, cognitive science, and the clinical disciplines. Philosophers debate the nature of mental states and their relation to the body, psychologists investigate cognitive architectures and behavioral correlates, and neuroscientists map the neural mechanisms that give rise to thoughts and emotions. Together, these fields aim to explain how abstract processes emerge from biological systems and how they can be influenced, measured, and modeled.\n\nThe study of the mental has profound implications for individual well-being, social interaction, artificial intelligence, and ethics. Insights into mental processes inform therapies for mental illness, guide the design of human-computer interfaces, and raise questions about consciousness and moral responsibility. As our tools for probing the mind become more sophisticated, the boundaries between subjective experience and objective measurement continue to blur, inviting new models and methods for exploring what it means to be mental.",
    "sections": [
        {
            "title": "Defining the Mental",
            "content": "The term “mental” refers broadly to non-physical phenomena associated with conscious agents. At its core are mental states—conditions such as beliefs, desires, intentions, and sensations—that represent the world, guide action, and structure subjective experience. Unlike purely physical descriptions, mental explanations invoke representational content: a belief about a tree is not the electrical activity in neurons per se, but the informational content “there is a tree.”\n\nMental processes can be categorized by their functional role. Perceptual processing translates sensory input into internal representations; cognitive operations manipulate these representations through reasoning, planning, and problem-solving; affective mechanisms assign value or emotional significance to stimuli; and volitional systems generate intentions and execute actions. Each of these subsystems interacts dynamically, producing coherent behavior and experience.\n\nImportantly, the mental resists reductive accounts that ignore subjective quality—what it is like to see red, feel pain, or recall a memory. These qualitative aspects, or qualia, are central to the mental domain because they shape how agents perceive and respond to the world. Any comprehensive definition of the mental must therefore accommodate both functional roles and qualitative character."
        },
        {
            "title": "Philosophical and Historical Perspectives",
            "content": "Debate over the nature of the mental dates back to classical philosophy but was crystallized in modern times by the mind–body problem: how do non-physical mental states relate to the physical brain? Dualists argue that mental substances are fundamentally distinct from physical substances, while physicalists hold that mental phenomena ultimately reduce to or supervene on physical processes.\n\nWithin physicalism, further divisions arise. Reductive materialists seek one-to-one mappings between mental states and neuronal events, whereas non-reductive materialists maintain that mental properties emerge from but are not identical to physical properties. Functionalists define mental states by their causal roles rather than by their internal constitution, paving the way for considerations of artificial or non-biological minds.\n\nHistorical figures—from René Descartes’s dualism to Gilbert Ryle’s behaviorism to contemporary proponents of panpsychism—have shaped our understanding of the mental. These evolving perspectives reflect shifts in scientific knowledge, philosophical method, and cultural attitudes toward consciousness, agency, and personhood."
        },
        {
            "title": "Scientific Approaches to the Mental",
            "content": "Modern science approaches the mental through empirical study and computational modeling. Cognitive psychology employs experiments to infer the architecture of mental processes—memory stages, attentional systems, and decision-making heuristics. Neuroscience uses imaging techniques (fMRI, EEG) and electrophysiology to correlate mental tasks with neural activity patterns.\n\nIn parallel, computational neuroscience and artificial intelligence build models—neural networks, symbolic systems, hybrid frameworks—that simulate mental functions. These models test hypotheses about representation, learning, and perception, often revealing unexpected parallels between biological and artificial systems.\n\nInterdisciplinary fields such as cognitive neuroscience and neuropsychology bridge mind and brain by studying patients with focal brain lesions, developmental disorders, and psychiatric conditions. Such work illuminates how discrete neural circuits contribute to language, spatial reasoning, emotional regulation, and consciousness itself."
        },
        {
            "title": "Subjective Experience and Consciousness",
            "content": "Subjective experience—what it feels like to be an agent—is arguably the hallmark of the mental. Consciousness studies investigate the conditions under which mental content becomes phenomenally experienced. The hard problem of consciousness asks how and why physical processes generate subjective states.\n\nResearchers distinguish between phenomenal consciousness (raw experience) and access consciousness (information accessible for reasoning and control). Experimental paradigms—such as binocular rivalry and reportability measures—seek to dissociate conscious awareness from unconscious processing, revealing the neural correlates of consciousness.\n\nPhilosophical positions vary from eliminativism (denying the existence of subjective qualia) to emergentist and panpsychist theories. Ongoing dialogue between empirical findings and conceptual analysis continues to refine our grasp of subjective experience."
        },
        {
            "title": "Emotions and Affective Processes",
            "content": "Emotions integrate cognitive appraisals with physiological responses and subjective feelings. They are mental states that assign valence, directing attention, motivating behavior, and influencing memory. Basic emotion theories posit universal categories (e.g., joy, fear, anger), while constructionist theories view emotions as constructed from more fundamental affective dimensions.\n\nAffective neuroscience maps circuits such as the amygdala, prefrontal cortex, and limbic system, elucidating how neurotransmitters and hormones shape emotional states. Emotion regulation strategies—cognitive reappraisal, attentional deployment—demonstrate the interplay between higher-order cognition and affective responses.\n\nEmotions also play a role in decision-making, social bonding, and moral judgment. Understanding affect is thus crucial not only for describing the mental but for addressing mental health, education, and human–machine interaction."
        },
        {
            "title": "Mental Health, Well-Being, and Pathology",
            "content": "The mental domain encompasses both flourishing and dysfunction. Psychiatric disorders—depression, anxiety, schizophrenia—are characterized by impairments in cognition, affect, and behavior. Clinical psychology and psychiatry employ diagnostic frameworks (DSM-5, ICD-11) to classify and treat such conditions.\n\nTherapeutic interventions range from pharmacology (antidepressants, anxiolytics) to psychological therapies (cognitive-behavioral therapy, psychodynamic therapy) and emerging neurotechnologies (deep brain stimulation, neurofeedback). Public health initiatives by organizations like the World Health Organization emphasize prevention, destigmatization, and integration of mental health into primary care.\n\nPositive psychology investigates factors that promote resilience, life satisfaction, and purpose. By studying strengths, social connectedness, and mindfulness, researchers aim to foster mental well-being alongside treating pathology."
        }
    ]
}