{
    "title": "Physical",
    "aliases": [
        "Material",
        "Physical Entities"
    ],
    "links": [
        {
            "title": "Stanford Encyclopedia of Philosophy — Philosophy of Physics",
            "url": "https://plato.stanford.edu/entries/physics/"
        },
        {
            "title": "Internet Encyclopedia of Philosophy — Space and Time",
            "url": "https://iep.utm.edu/space-time/"
        },
        {
            "title": "Albert Einstein — On the Electrodynamics of Moving Bodies (1905)",
            "url": "https://www.fourmilab.ch/etexts/einstein/specrel/www/"
        },
        {
            "title": "CERN — The Standard Model",
            "url": "https://home.cern/science/physics/standard-model"
        }
    ],
    "tags": [],
    "details": [],
    "content": "The concept of “physical” broadly denotes entities, phenomena, and interactions that involve matter and energy, existing in forms perceptible to the senses or measurable by instrumentation. As an adjective, it describes things related to the material world—from tangible objects like rocks and biological organisms to the forces governing their behavior—distinguished from abstract or mental constructs.\n\nPhysical entities occupy space and persist over time, characterized by properties such as mass, volume, density, and energy content. Their behavior is governed by the laws of physics, making them subject to observation, experimentation, and quantification through metrics like length, time, and force.\n\nThe study and understanding of the physical world underpin all natural sciences—physics, chemistry, earth sciences, astronomy—and drive advancements in technology and engineering. By formulating theories and mathematical models, scientists seek to explain, predict, and harness physical phenomena for applications ranging from energy production to space exploration.",
    "sections": [
        {
            "title": "Definition and Characteristics",
            "content": "Physical commonly refers to anything relating to the body or the material environment rather than the mind, spirit, or abstract concepts. This dual sense captures both the corporeal aspects of living beings—such as health, strength, and bodily movement—and the broader material universe of objects and environments.\n\nBeyond everyday contexts, in scientific parlance “physical” encompasses the domain of matter and energy described by physics. It implies concrete existence that can be detected by instruments or the senses—visible, touchable, or otherwise measurable—setting it apart from mathematical abstractions and theoretical constructs without direct embodiment."
        },
        {
            "title": "Fundamental Properties of Physical Entities",
            "content": "All physical entities possess mass and energy, related by Einstein’s mass–energy equivalence principle, E = mc², which asserts that mass can convert into energy and vice versa. These quantities are foundational to understanding phenomena from nuclear reactions to cosmological processes and are quantified via fundamental constants such as the speed of light and Planck’s constant.\n\nSpace and time constitute the arena in which physical entities exist and interact. Modern physics unifies these dimensions into a four-dimensional spacetime continuum, wherein the geometry of space and the flow of time are interwoven. This concept underlies theories from special relativity to general relativity, reshaping our understanding of motion, gravitation, and the structure of the universe."
        },
        {
            "title": "Scales of Physical Phenomena",
            "content": "Physical phenomena manifest across vast scales. At the microscopic level, subatomic particles and quantum fields govern the behavior of atoms and molecules, giving rise to the principles of quantum mechanics and the Standard Model of particle physics.\n\nAt human scales, objects from everyday artifacts to biological organisms exhibit properties describable by classical mechanics, thermodynamics, and electromagnetism. These macroscopic laws emerge from underlying microphysics but are sufficiently robust for engineering, materials science, and technology.\n\nOn planetary to cosmic scales, gravity dominates interactions, shaping planetary orbits, star formation, and galactic structures. The branch of physical science known as astronomy and astrophysics explores these phenomena, applying gravitation, nuclear processes, and relativistic frameworks to understand the universe’s evolution."
        },
        {
            "title": "Physical Interactions and Laws",
            "content": "Physical interactions are encapsulated by four fundamental forces: gravitation, electromagnetism, the strong nuclear force, and the weak nuclear force. These forces dictate how particles and bodies influence one another, from holding atomic nuclei together to governing the motions of galaxies.\n\nGravity, the weakest yet infinite-range force, acts between any two masses, directing the fall of objects and the orbits of celestial bodies. In contrast, electromagnetism—mediated by photons—governs electric and magnetic interactions, binding electrons to nuclei and enabling light and electromagnetic technology.\n\nThe strong interaction, carried by gluons, binds quarks into protons, neutrons, and other hadrons, while the weak interaction, mediated by W and Z bosons, facilitates radioactive decay and nuclear fusion processes. Together, these interactions form the basis of nuclear physics and the ongoing search for unification and deeper symmetry in nature.\n\nEfforts to unify these fundamental forces into a single theoretical framework—often referred to as grand unification or the theory of everything—have driven much of modern theoretical physics, although a complete unified field theory remains elusive."
        },
        {
            "title": "Role of Physical Sciences",
            "content": "Physical sciences systematically investigate nonliving matter and energy, encompassing disciplines such as physics, chemistry, astronomy, and earth sciences. Each branch focuses on specific phenomena—ranging from atomic interactions in chemistry to planetary systems in astronomy—yet all share the goal of quantifying, explaining, and predicting physical behavior.\n\nAdvances in physical science underpin practically every modern technology, from semiconductors and medical imaging to spacecraft and renewable energy systems. By translating physical laws into practical applications, engineers and scientists have transformed transportation, communication, and healthcare.\n\nOn the theoretical front, frameworks like classical mechanics, quantum mechanics, and relativity provide conceptual foundations for exploring realms from the microscopic to the cosmic. Ongoing research in fields such as quantum field theory, condensed matter physics, and cosmology continues to deepen our grasp of physical reality and its potential for new discoveries."
        }
    ]
}